user_name,cereal_id,date
admin,1,20230318 10:34:09 AM
admin,2,20230318 10:34:09 AM
admin,3,20230318 10:34:09 AM
admin,4,20230318 10:34:09 AM
admin,5,20230318 10:34:09 AM
admin,6,20230318 10:34:09 AM
admin,7,20230318 10:34:09 AM
admin,8,20230318 10:34:09 AM
admin,9,20230318 10:34:09 AM
admin,10,20230318 10:34:09 AM
admin,11,20230318 10:34:09 AM
admin,12,20230318 10:34:09 AM
admin,13,20230318 10:34:09 AM
admin,14,20230318 10:34:09 AM
admin,15,20230318 10:34:09 AM
admin,16,20230318 10:34:09 AM
admin,17,20230318 10:34:09 AM
admin,18,20230318 10:34:09 AM
admin,19,20230318 10:34:09 AM
admin,20,20230318 10:34:09 AM
admin,21,20230318 12:00:00 PM
admin,22,20230318 12:00:00 PM
admin,23,20230318 12:00:00 PM
admin,24,20230318 12:00:00 PM
admin,25,20230318 12:00:00 PM
admin,26,20230318 12:00:00 PM
admin,27,20230318 12:00:00 PM
admin,28,20230318 12:00:00 PM
admin,29,20230318 12:00:00 PM
admin,30,20230318 12:00:00 PM
admin,31,20230318 12:00:00 PM
admin,32,20230318 12:00:00 PM
admin,33,20230318 12:00:00 PM
admin,34,20230318 12:00:00 PM
admin,35,20230318 12:00:00 PM
admin,36,20230318 12:00:00 PM
admin,37,20230318 12:00:00 PM
admin,38,20230318 12:00:00 PM
admin,39,20230318 12:00:00 PM
admin,40,20230318 12:00:00 PM
admin,41,20230318 12:00:00 PM
admin,42,20230318 12:00:00 PM
admin,43,20230318 12:00:00 PM
admin,44,20230318 12:00:00 PM
admin,45,20230318 12:00:00 PM
admin,46,20230318 12:10:00 PM
admin,47,20230318 12:15:00 PM
admin,48,20230318 12:20:00 PM
admin,49,20230318 12:20:00 PM
admin,50,20230318 12:20:00 PM
admin,51,20230318 12:20:00 PM
admin,52,20230318 12:20:00 PM
admin,53,20230318 12:20:00 PM
admin,54,20230318 12:20:00 PM
admin,55,20230318 12:20:00 PM
admin,56,20230318 12:20:00 PM
admin,57,20230318 12:20:00 PM
lilian,58,20230318 12:20:00 PM
user12,59,20230318 12:20:00 PM
user13,60,20230318 12:20:00 PM
user14,61,20230318 12:20:00 PM
user15,62,20230318 12:20:00 PM
user16,63,20230318 12:20:00 PM
user17,64,20230318 12:20:00 PM
oliver,65,20230318 12:20:00 PM
user6,66,20230318 12:20:00 PM
user7,67,20230318 12:20:00 PM
user8,68,20230318 12:20:00 PM
user9,69,20230318 12:20:00 PM
user10,70,20230318 12:20:00 PM
user11,71,20230319 12:00:00 AM
ann,72,20230319 12:00:00 AM
user1,73,20230319 12:00:00 AM
user2,74,20230319 12:00:00 AM
user3,75,20230319 12:00:00 AM
user4,76,20230319 12:00:00 AM
user5,77,20230319 12:00:00 AM